first name, last name, username, email, phone number, password
dere,mart,derek,deremart@gmail.com,5677468799,password123
alan,villagrand,alanvillagrand,avillagrand@gmail.com,2814557606,123
joey,z,joseph@gmail.com,joseph@gmail.com,83927,123
alan,villagrand,alanvillagrand,avillagrand@gmail.com,2814557606,123
joey,z,joseph@gmail.com,joseph@gmail.com,83927,123
will,clore,willclore@gmail.com,willclore@gmail.com,12345678,123
duffy,mcdufferson,duffmuffin,duffmuffin@gmail.com,1234567890,123
Derek,Martinez,dm@gmail.com,dm@gmail.com,9009890000,pass
