first name, last name, username, email, phone number, password,role
dere,mart,derek,deremart@gmail.com,5677468799,password123,CLERK
alan,villagrand,alanvillagrand,avillagrand@gmail.com,2814557606,123,CLERK
joey,z,joseph@gmail.com,joseph@gmail.com,83927,123,CLERK
alan,villagrand,alanvillagrand,avillagrand@gmail.com,2814557606,123,CLERK
joey,z,joseph@gmail.com,joseph@gmail.com,83927,123,CLERK
will,clore,willclore@gmail.com,willclore@gmail.com,12345678,123,GUEST
duffy,mcdufferson,duffmuffin,duffmuffin@gmail.com,1234567890,123,ADMIN